tom10,tom10@qq.com
tom11,tom11@qq.com
tom12,tom12@qq.com
tom13,tom13@qq.com
tom14,tom14@qq.com
tom15,tom15@qq.com
tom16,tom16@qq.com
tom17,tom17@qq.com
tom18,tom18@qq.com
tom19,tom19@qq.com
tom20,tom20@qq.com
tom21,tom21@qq.com
tom22,tom22@qq.com
tom23,tom23@qq.com
tom24,tom24@qq.com
tom25,tom25@qq.com
tom26,tom26@qq.com
tom27,tom27@qq.com
tom28,tom28@qq.com
tom29,tom29@qq.com
tom30,tom30@qq.com
tom31,tom31@qq.com
tom32,tom32@qq.com
tom33,tom33@qq.com
tom34,tom34@qq.com
tom35,tom35@qq.com
tom36,tom36@qq.com
tom37,tom37@qq.com
tom38,tom38@qq.com
tom39,tom39@qq.com
tom40,tom40@qq.com
tom41,tom41@qq.com
tom42,tom42@qq.com
tom43,tom43@qq.com
tom44,tom44@qq.com
tom45,tom45@qq.com
tom46,tom46@qq.com
tom47,tom47@qq.com
tom48,tom48@qq.com
tom49,tom49@qq.com
tom50,tom50@qq.com
tom51,tom51@qq.com
tom52,tom52@qq.com
tom53,tom53@qq.com
tom54,tom54@qq.com
tom55,tom55@qq.com
tom56,tom56@qq.com
tom57,tom57@qq.com
tom58,tom58@qq.com
tom59,tom59@qq.com
tom60,tom60@qq.com
tom61,tom61@qq.com
tom62,tom62@qq.com
tom62,tom62@qq.com
tom62,tom62@qq.com
tom62,tom62@qq.com
tom62,tom62@qq.com
tom62,tom62@qq.com
tom62,tom62@qq.com
tom62,tom62@qq.com
tom62,tom62@qq.com
tom62,tom62@qq.com
